"","group","n","r2","pval","Slope","Slope_lowCI","Slope_highCI","Int","Int_lowCI","Int_highCI","Slope_test","Slope_test_p","Elev_test","Elev_test_p","rmsd","rmse","intercept","metric","method","point"
"AUC_scaled_PAA_40","all",1342,0.586836281110389,1.8016887948601e-259,0.961254870463621,0.928712825368608,0.994937186985968,-0.00325309165096954,-0.0288219391703801,0.022315755868441,1,0.0245475845622847,0,0.802943350486279,0.204437271714325,0.197867877755262,-0.00325309165096954,"AUC_scaled","PAA","40"
"AUC_scaled_PAA_80","all",1386,0.638890734728124,2.06222678342645e-308,0.969454193408016,0.939221797084692,1.00065973344488,-0.0236458682019278,-0.0477468339852228,0.000455097581367126,1,0.0549583951725693,0,0.0544795536578938,0.187802530665926,0.179140654514828,-0.0236458682019278,"AUC_scaled","PAA","80"
"AUC_scaled_PAA_120","all",1400,0.670455334491946,0,0.931453741979332,0.903822475094521,0.959929739915537,0.00207297187611555,-0.0195022758835459,0.023648219635777,1,4.01822342976921e-06,0,0.850528904655177,0.188603909792155,0.175406263535753,0.00207297187611555,"AUC_scaled","PAA","120"
"AUC_scaled_PAA_160","all",1400,0.686678910683271,0,0.933239514609457,0.906235044313278,0.961048678368499,0.00303424323252388,-0.0185930487324209,0.0246615351974687,1,4.21226519875528e-06,0,0.783191537238891,0.17997042797899,0.167145235664595,0.00303424323252388,"AUC_scaled","PAA","160"
"AUC_scaled_PAA_200","all",1398,0.679489798887889,0,0.919041934305784,0.892130495271876,0.946765166630824,0.0197408909007073,-0.00155720610129447,0.0410389879027091,1,2.91307741262514e-08,0,0.0692419823929354,0.181437902436711,0.168445577299961,0.0197408909007073,"AUC_scaled","PAA","200"
"AUC_scaled_PAA_400","all",1407,0.661461058959959,0,0.944173445470269,0.915860903373982,0.97336122968793,-0.00433999278855235,-0.0267933682450398,0.0181133826679351,1,0.000221504282636675,0,0.704621658121323,0.185483240658279,0.174275424779442,-0.00433999278855235,"AUC_scaled","PAA","400"
"AUC_scaled_PA_40","all",1148,0.432559074148682,3.55034867264164e-143,0.818769260724218,0.783802475394584,0.855295974881167,0.0379476657327368,0.00686307582024369,0.0690322556452299,1,0,0,0.0167697595327548,0.289901307465284,0.238239868476264,0.0379476657327368,"AUC_scaled","PA","40"
"AUC_scaled_PA_80","all",1321,0.552356222074591,1.82128522849555e-232,0.871651813123426,0.8407191864931,0.903722545563187,0.000973891062625687,-0.0258280480230827,0.027775830148334,1,1.35225164399344e-13,0,0.943182679657961,0.241432166580271,0.201999315973481,0.000973891062625687,"AUC_scaled","PA","80"
"AUC_scaled_PA_120","all",1363,0.660562429895043,1.28457067918724e-321,0.879483791382318,0.852659088256225,0.907152401185433,0.00318662757578303,-0.0189831254104926,0.0253563805620586,1,7.7715611723761e-16,0,0.778008369819524,0.212072092923987,0.178129186191421,0.00318662757578303,"AUC_scaled","PA","120"
"AUC_scaled_PA_160","all",1371,0.701276841558057,0,0.876415662460196,0.851386982554793,0.902180123896961,0.0196814489346567,-0.00121257843647382,0.0405754763057873,1,0,0,0.0648393742573513,0.192939754370501,0.162927407002364,0.0196814489346567,"AUC_scaled","PA","160"
"AUC_scaled_PA_200","all",1375,0.720891695731535,0,0.89484259126897,0.87016437681901,0.920220689884108,-0.000891064217452997,-0.0214255994020989,0.0196434709671929,1,1.13242748511766e-14,0,0.932174720627257,0.186156689679165,0.15589640023907,-0.000891064217452997,"AUC_scaled","PA","200"
"AUC_scaled_PA_400","all",1396,0.759042271122882,0,0.921319675885177,0.897864491715967,0.945387586885093,-0.0168145987108066,-0.0360915533135193,0.00246235589190614,1,5.79200576389383e-10,0,0.0872865575333155,0.170044650891438,0.144378511694353,-0.0168145987108066,"AUC_scaled","PA","400"
"AUC_scaled_PBG_40","all",1342,0.460785067917017,6.11870414993084e-182,1.05528101626746,1.01457016491475,1.09762543962453,0.0415445762602761,0.0137913452816527,0.0692978072388995,1,0.00737273419598061,0,0.00337522993899166,0.238175823933909,0.231844066424551,0.0415445762602761,"AUC_scaled","PBG","40"
"AUC_scaled_PBG_80","all",1386,0.514433909891778,2.28660734751698e-219,1.08789222014693,1.04865305290334,1.12859966352028,0.0299048158953822,0.00364698921770889,0.0561626425730555,1,7.26856458044267e-06,0,0.0256330320939657,0.22096420638998,0.212635621108035,0.0299048158953822,"AUC_scaled","PBG","80"
"AUC_scaled_PBG_120","all",1400,0.555163289583893,3.53902750966495e-248,1.05320677706537,1.01699738141441,1.09070537990346,0.0467619475760294,0.0229982867409462,0.0705256084111125,1,0.0037016105984542,0,0.000118490111411446,0.217442595345075,0.208052562686142,0.0467619475760294,"AUC_scaled","PBG","120"
"AUC_scaled_PBG_160","all",1400,0.561431650830289,1.73093734891156e-252,1.06858687133603,1.03210388103361,1.10635946882419,0.0484321117256178,0.0241772149082931,0.0726870085429425,1,0.000185448787861864,0,9.396853918458e-05,0.215555266797652,0.20218728228412,0.0484321117256178,"AUC_scaled","PBG","160"
"AUC_scaled_PBG_200","all",1398,0.557089634102591,3.84299636547836e-249,1.05691922053607,1.02063400790204,1.09449443198036,0.0641531212389521,0.0404174917306059,0.0878887507472983,1,0.00191200707936923,0,1.32989452683375e-07,0.219933158926098,0.202384016841448,0.0641531212389521,"AUC_scaled","PBG","200"
"AUC_scaled_PBG_400","all",1407,0.555094400919141,2.31086066340285e-249,1.09392339294931,1.05640360086769,1.13277575791944,0.0319959681383394,0.00732264473496333,0.0566692915417154,1,4.95852749748948e-07,0,0.0110704414365526,0.214560598325509,0.203656087484759,0.0319959681383394,"AUC_scaled","PBG","400"
"COR_scaled_PAA_40","all",1342,0.494116790471022,1.60228159536291e-200,1.1992680894316,1.15442703363347,1.2458508926304,0.141496061386134,0.118002740752229,0.164989382020039,1,0,0,1.02727085154183e-30,0.310666884881083,0.222967811502144,0.141496061386134,"COR_scaled","PAA","40"
"COR_scaled_PAA_80","all",1386,0.543139056709899,1.08174552877004e-237,1.16808531376454,1.1271950491013,1.21045891864078,0.131518302409661,0.109299700598688,0.153736904220635,1,0,0,8.22809839301016e-30,0.285852432798614,0.205079405900248,0.131518302409661,"COR_scaled","PAA","80"
"COR_scaled_PAA_120","all",1400,0.57315868764176,1.01388049714919e-260,1.16569922601776,1.12642705354468,1.20634059814377,0.131536879141978,0.11081579974506,0.152257958538896,1,0,0,7.83969724441566e-34,0.28146774315776,0.203104905391927,0.131536879141978,"COR_scaled","PAA","120"
"COR_scaled_PAA_160","all",1400,0.578859424784305,8.35853104271323e-265,1.12672929889276,1.08901995128541,1.16574440301566,0.143854155271036,0.122976340201103,0.164731970340968,1,8.35764790707572e-12,0,3.2382532065462e-39,0.277758391221685,0.197478963858507,0.143854155271036,"COR_scaled","PAA","160"
"COR_scaled_PAA_200","all",1398,0.57484503188202,1.49761804469765e-261,1.12263576976523,1.08486127539039,1.16172555896867,0.153799628777358,0.133260609829912,0.174338647724803,1,4.37958558308083e-11,0,1.56912589613739e-45,0.282847829969912,0.197619368700594,0.153799628777358,"COR_scaled","PAA","200"
"COR_scaled_PAA_400","all",1407,0.561926088855086,4.36502079979496e-254,1.13247429807545,1.09392637095986,1.17238058232032,0.144635842097219,0.123610858945694,0.165660825248744,1,2.54596344007041e-12,0,4.09902477236308e-39,0.282008403978554,0.201822292738889,0.144635842097219,"COR_scaled","PAA","400"
"COR_scaled_PA_40","all",1148,0.450668841692741,2.95039320029825e-151,0.936884096189075,0.897502574001612,0.977993640484471,0.0703426192259028,0.0410239760057149,0.0996612624460907,1,0.00294420703397802,0,2.8151542470455e-06,0.243761921867635,0.233449818342269,0.0703426192259028,"COR_scaled","PA","40"
"COR_scaled_PA_80","all",1321,0.554220806581263,1.15913520869844e-233,1.00683968016771,0.971182717100116,1.04380578825284,0.0517714272224443,0.0266892926769762,0.0768535617679125,1,0.7108581679282,0,5.43781194145338e-05,0.208498255757711,0.201505751895079,0.0517714272224443,"COR_scaled","PA","80"
"COR_scaled_PA_120","all",1363,0.621935566852057,9.36283305387569e-290,1.01897336086896,0.986201985041713,1.05283372565577,0.0507099195291359,0.0286769472144177,0.0727428918438542,1,0.259607457946091,0,6.87996128590145e-06,0.197504461609079,0.189254782718108,0.0507099195291359,"COR_scaled","PA","120"
"COR_scaled_PA_160","all",1371,0.638066423354131,2.0535780739001e-304,1.02064602305107,0.988609912610574,1.05372027033307,0.06131726925714,0.0394764473803205,0.0831580911339595,1,0.208995799917378,0,4.34433889706169e-08,0.19406662412354,0.181254323719389,0.06131726925714,"COR_scaled","PA","160"
"COR_scaled_PA_200","all",1375,0.664766478577255,0,1.0259505927542,0.994984251638346,1.05788068207062,0.0612692840368041,0.0404586768472941,0.0820798912263141,1,0.101283405812804,0,9.47732111144159e-09,0.186857293921286,0.172432890679353,0.0612692840368041,"COR_scaled","PA","200"
"COR_scaled_PA_400","all",1396,0.681508272388025,0,1.06508429919511,1.0339713235067,1.09713348774956,0.0395332063900958,0.0188502236082848,0.0602161891719069,1,3.17433258038013e-05,0,0.000184434477095919,0.181424839873263,0.168054339919495,0.0395332063900958,"COR_scaled","PA","400"
"COR_scaled_PBG_40","all",1342,0.364450418040872,4.64566554848948e-134,1.61388621164023,1.54640818600621,1.68430866293409,0.142650080162043,0.11614964385633,0.169150516467755,1,0,0,4.2881939531402e-25,0.414228940811656,0.257531003776895,0.142650080162043,"COR_scaled","PBG","40"
"COR_scaled_PBG_80","all",1386,0.407656642205717,1.40142553028595e-159,1.7002162817308,1.63261553874519,1.77061612857384,0.125506955411393,0.0998160803989906,0.151197830423795,1,0,0,4.17448530430385e-21,0.41430584220157,0.240432737077884,0.125506955411393,"COR_scaled","PBG","80"
"COR_scaled_PBG_120","all",1400,0.438057757809123,3.48682711730395e-177,1.65643360154795,1.59256777125046,1.72286060654281,0.134600547082287,0.110748343135904,0.15845275102867,1,0,0,2.31794591573712e-27,0.403505060451321,0.239624232620301,0.134600547082287,"COR_scaled","PBG","120"
"COR_scaled_PBG_160","all",1400,0.435932459577321,4.89151894915632e-176,1.66052077524844,1.59637883108108,1.72723992034172,0.143554464765614,0.119202486230135,0.167906443301092,1,0,0,1.32889880495216e-29,0.415447628776454,0.235366338738977,0.143554464765614,"COR_scaled","PBG","160"
"COR_scaled_PBG_200","all",1398,0.426358139017219,1.11024517521629e-170,1.65940264924659,1.59472773328264,1.72670048614409,0.153407562920195,0.12934362782164,0.17747149801875,1,0,0,4.3297540523605e-34,0.419087864867871,0.236743091671613,0.153407562920195,"COR_scaled","PBG","200"
"COR_scaled_PBG_400","all",1407,0.430000774279696,1.02932726584407e-173,1.71504511679517,1.6486196433137,1.7841469768799,0.128828076891569,0.10413604970039,0.153520104082749,1,0,0,9.23139266055692e-24,0.415060976975803,0.236650513837743,0.128828076891569,"COR_scaled","PBG","400"
"PRG_scaled_PAA_40","all",1342,0.255299362965825,7.27107860913102e-88,0.719810607568031,0.687291208727858,0.753868671951276,0.270233113267861,0.246081298791742,0.29438492774398,1,0,0,1.78819819971874e-91,0.375027003742583,0.287739465236857,0.270233113267861,"PRG_scaled","PAA","40"
"PRG_scaled_PAA_80","all",1386,0.295047325573868,3.32886584363231e-107,0.738928934146867,0.706938090473925,0.772367449253415,0.215614582024511,0.190740237243379,0.240488926805642,1,0,0,4.92884899283601e-59,0.334118164745869,0.270270551614125,0.215614582024511,"PRG_scaled","PAA","80"
"PRG_scaled_PAA_120","all",1400,0.345485817673144,7.7042783900148e-131,0.741538336761339,0.710731157046894,0.773680876988051,0.204778021657863,0.181330478254447,0.22822556506128,1,0,0,7.14251296471002e-60,0.327371394967944,0.264573494579439,0.204778021657863,"PRG_scaled","PAA","120"
"PRG_scaled_PAA_160","all",1400,0.367235347269795,4.11537129301785e-141,0.736050774716508,0.705973033111737,0.767409968299771,0.20606476254746,0.182361661543988,0.229767863550933,1,0,0,2.16655932788522e-59,0.314911008918129,0.253462775912603,0.20606476254746,"PRG_scaled","PAA","160"
"PRG_scaled_PAA_200","all",1398,0.343085144582797,1.52217929479976e-129,0.712253337872754,0.682588958664886,0.743206890283057,0.230588454506484,0.207424219186909,0.253752689826059,1,0,0,2.85932996731885e-75,0.331454113901795,0.258658934026155,0.230588454506484,"PRG_scaled","PAA","200"
"PRG_scaled_PAA_400","all",1407,0.333570113312272,5.6666755155458e-126,0.720661001545159,0.690529616536396,0.75210717500152,0.221515021994296,0.19796754987227,0.245062494116321,1,0,0,2.94672268841719e-68,0.331473988669752,0.262151236118955,0.221515021994296,"PRG_scaled","PAA","400"
"PRG_scaled_PA_40","all",1148,0.349967979684984,2.57721677457996e-109,0.635087115003287,0.606103426274034,0.665456795257976,0.250796668120977,0.225857704860489,0.275735631381466,1,0,0,7.77628876691027e-75,0.366122656703335,0.260231028406662,0.250796668120977,"PRG_scaled","PA","40"
"PRG_scaled_PA_80","all",1321,0.422780865737266,1.356545090325e-159,0.641391357858486,0.615609303332851,0.668253178937297,0.289426904988546,0.269008423462897,0.309845386514195,1,0,0,2.5881865459183e-134,0.341572395385254,0.235753434655748,0.289426904988546,"PRG_scaled","PA","80"
"PRG_scaled_PA_120","all",1363,0.480163728977028,1.38388196252027e-195,0.671781013234013,0.646519256130968,0.698029835093262,0.295191920759173,0.276961034817141,0.313422806701206,1,0,0,4.00397562119506e-166,0.335412219700822,0.228106036187488,0.295191920759173,"PRG_scaled","PA","120"
"PRG_scaled_PA_160","all",1371,0.51746944030243,7.06583312777437e-219,0.68383482880286,0.659113320286933,0.709483572385189,0.297816685706338,0.279843893437878,0.315789477974798,1,0,0,2.93041327035496e-172,0.31552752846508,0.214064212439692,0.297816685706338,"PRG_scaled","PA","160"
"PRG_scaled_PA_200","all",1375,0.528958578462631,1.06195351644893e-226,0.684523700921975,0.660103236099517,0.709847598828126,0.301200632931572,0.283765699674923,0.31863556618822,1,0,0,1.88192896577651e-183,0.313525801434622,0.209541804329545,0.301200632931572,"PRG_scaled","PA","200"
"PRG_scaled_PA_400","all",1396,0.563124693150024,6.07244623560139e-253,0.711540582025814,0.687259531191737,0.736679488448426,0.300153722148408,0.283517069544955,0.316790374751861,1,0,0,2.69937376192215e-196,0.304320087319005,0.201003593581314,0.300153722148408,"PRG_scaled","PA","400"
"PRG_scaled_PBG_40","all",1342,0.10035105841734,1.157844987993e-32,0.853605223417711,0.811318050365756,0.898096470450172,0.363712563456712,0.339749783192575,0.387675343720848,1,1.1232321739385e-09,0,6.01038014253284e-150,0.482712853864396,0.338139213062427,0.363712563456712,"PRG_scaled","PBG","40"
"PRG_scaled_PBG_80","all",1386,0.0958456923341129,3.60951245082654e-32,0.855114161029356,0.813313233963579,0.899063482379881,0.359626645106271,0.335988861607954,0.383264428604588,1,1.01966457499714e-09,0,1.60340560061374e-151,0.474381912794429,0.332262310577843,0.359626645106271,"PRG_scaled","PBG","80"
"PRG_scaled_PBG_120","all",1400,0.149919283257575,2.70454168855268e-51,0.880510979742565,0.838947806866275,0.924133276351472,0.329836634072832,0.306895864037393,0.352777404108272,1,2.61892818320675e-07,0,6.39183190129088e-139,0.449182684429359,0.322584493236713,0.329836634072832,"PRG_scaled","PBG","120"
"PRG_scaled_PBG_160","all",1400,0.155336604362605,3.04571501527684e-53,0.881920875818092,0.840420733383645,0.92547030351368,0.344549426148674,0.321577952949787,0.36752089934756,1,3.3850677838565e-07,0,1.68550400472363e-148,0.451180610932774,0.314308659104594,0.344549426148674,"PRG_scaled","PBG","160"
"PRG_scaled_PBG_200","all",1398,0.143326505898563,7.15350924600643e-49,0.865814668748279,0.824762270989008,0.908910442424545,0.35233041436119,0.329585593982112,0.375075234740268,1,6.61819510305861e-09,0,4.24778283533417e-156,0.457790845008349,0.31679558325862,0.35233041436119,"PRG_scaled","PBG","200"
"PRG_scaled_PBG_400","all",1407,0.160132110439899,3.03663682880513e-55,0.903662939752082,0.86136095309033,0.948042404002191,0.334600574579962,0.311683202653519,0.357517946506404,1,3.51984294688634e-05,0,1.76785831024131e-142,0.445253040157059,0.312379723252115,0.334600574579962,"PRG_scaled","PBG","400"
"Spec_scaled_PAA_40","all",1342,0.449826155474978,4.42944367547232e-176,1.45532842845619,1.39862829923926,1.51432717028876,-0.47861911197217,-0.52606177729343,-0.43117644665091,1,0,0,1.11723848980854e-76,0.245189599254651,0.234756663493605,-0.47861911197217,"Spec_scaled","PAA","40"
"Spec_scaled_PAA_80","all",1386,0.428426433099352,2.56363736386329e-170,1.50488973897549,1.44609206167253,1.56607811251961,-0.527578663284255,-0.577138259155764,-0.478019067412745,1,0,0,2.10210533607474e-84,0.247020213426508,0.235030623989647,-0.527578663284255,"Spec_scaled","PAA","80"
"Spec_scaled_PAA_120","all",1400,0.486442584338789,1.53808533563988e-204,1.3712542316744,1.32066663317482,1.42377956756938,-0.411670499810692,-0.453320705546715,-0.370020294074669,1,0,0,2.32699206281189e-74,0.243154066277555,0.22666135085726,-0.411670499810692,"Spec_scaled","PAA","120"
"Spec_scaled_PAA_160","all",1400,0.491190591694186,2.31846816817093e-207,1.42112873734423,1.36893948458468,1.47530764569797,-0.44859527223322,-0.492255763818517,-0.404934780647923,1,0,0,1.62898461706797e-79,0.234031326763538,0.220856583950587,-0.44859527223322,"Spec_scaled","PAA","160"
"Spec_scaled_PAA_200","all",1398,0.469980611301634,1.11860372818262e-194,1.37666480200844,1.32504945643697,1.4302907471734,-0.406967862641814,-0.449857783429097,-0.364077941854531,1,0,0,2.99530207764654e-69,0.235475969145353,0.225352871329581,-0.406967862641814,"Spec_scaled","PAA","200"
"Spec_scaled_PAA_400","all",1407,0.468359090361561,5.4866359541074e-195,1.39070238930785,1.33864713576507,1.44478188758923,-0.414451726268451,-0.457479210039556,-0.371424242497347,1,0,0,3.91121448365752e-71,0.235430482732389,0.226598860374701,-0.414451726268451,"Spec_scaled","PAA","400"
"Spec_scaled_PA_40","all",1148,0.179240940751501,3.88513878190188e-51,1.4004444227856,1.32883960418017,1.4759076830204,-0.625902562103732,-0.696563957475606,-0.555241166731858,1,0,0,3.13964657779469e-60,0.373371269570619,0.309211204062421,-0.625902562103732,"Spec_scaled","PA","40"
"Spec_scaled_PA_80","all",1321,0.235451241941037,5.7602949677476e-79,1.54309727410322,1.47193545779022,1.61769946144211,-0.740734917306956,-0.809516844877233,-0.671952989736679,1,0,0,1.43449387085078e-85,0.347946930036783,0.285998226178648,-0.740734917306956,"Spec_scaled","PA","80"
"Spec_scaled_PA_120","all",1363,0.281368244361922,9.16414192237367e-100,1.48528285491724,1.41983846097218,1.55374376716108,-0.67297468392406,-0.734476716506718,-0.611472651341402,1,0,0,2.86107095896725e-88,0.347177724010264,0.282077797131434,-0.67297468392406,"Spec_scaled","PA","120"
"Spec_scaled_PA_160","all",1371,0.35663692038166,2.7874073712913e-133,1.46946516583693,1.40830226929183,1.53328438126708,-0.62238523328341,-0.67925910337733,-0.565511363189491,1,0,0,2.38384906457729e-88,0.310081655156893,0.256456612951595,-0.62238523328341,"Spec_scaled","PA","160"
"Spec_scaled_PA_200","all",1375,0.372554708237814,3.82588162937641e-141,1.53814491564948,1.47499364906279,1.6039999786044,-0.686422697946321,-0.744886554413909,-0.627958841478733,1,0,0,1.62277518821819e-99,0.308736883253966,0.25046623216363,-0.686422697946321,"Spec_scaled","PA","200"
"Spec_scaled_PA_400","all",1396,0.391071146497773,2.37688073882726e-152,1.48761092011951,1.42786957787665,1.5498518099599,-0.606048207840918,-0.65995430313748,-0.552142112544357,1,0,0,1.05192429206418e-92,0.291011687158706,0.24626612186508,-0.606048207840918,"Spec_scaled","PA","400"
"Spec_scaled_PBG_40","all",1342,0.271304279712165,3.36263752324164e-94,1.60443583022541,1.53271591935306,1.67951170912197,-0.47480625205875,-0.529427403939722,-0.420185100177778,1,0,0,3.65792910669525e-59,0.252340585147452,0.283167389703107,-0.47480625205875,"Spec_scaled","PBG","40"
"Spec_scaled_PBG_80","all",1386,0.223024338429399,6.57602868082004e-78,1.68486176929858,1.6083688041427,1.76499268969411,-0.503430491117622,-0.560354344116403,-0.44650663811884,1,0,0,3.67613852014275e-61,0.252726552141284,0.290495669386218,-0.503430491117622,"Spec_scaled","PBG","80"
"Spec_scaled_PBG_120","all",1400,0.298402463165813,1.01515457400016e-109,1.55108516228356,1.48441891733337,1.62074543281767,-0.401500909599973,-0.449949924001661,-0.353051895198284,1,0,0,1.46386748077304e-54,0.247328564280587,0.277577635763295,-0.401500909599973,"Spec_scaled","PBG","120"
"Spec_scaled_PBG_160","all",1400,0.27979860915892,9.23009663147071e-102,1.63073933084559,1.5597473159674,1.70496255255124,-0.439635628579863,-0.491402214275298,-0.387869042884429,1,0,0,5.52283312022262e-57,0.243637827464049,0.277137123478095,-0.439635628579863,"Spec_scaled","PBG","160"
"Spec_scaled_PBG_200","all",1398,0.257323129371582,2.764505710947e-92,1.58846903240718,1.51822199761814,1.66196634673663,-0.40106682641297,-0.451809626575856,-0.350324026250084,1,0,0,3.79584962518043e-50,0.247371112748846,0.282093182202697,-0.40106682641297,"Spec_scaled","PBG","200"
"Spec_scaled_PBG_400","all",1407,0.284624318637036,2.57260121272806e-104,1.60801910276103,1.53841617055089,1.68077109714627,-0.404761913162707,-0.454449319650816,-0.355074506674598,1,0,0,6.07515783009561e-53,0.242540758090785,0.275481153979683,-0.404761913162707,"Spec_scaled","PBG","400"
"Sens_scaled_PAA_40","all",1342,0.258683090725314,3.41678295246644e-89,2.23832175418977,2.13742406603201,2.34398234533781,-1.42393532071296,-1.5218660164407,-1.32600462498522,1,0,0,3.05841742665173e-140,0.363592795797433,0.28676728792014,-1.42393532071296,"Sens_scaled","PAA","40"
"Sens_scaled_PAA_80","all",1386,0.386190820792177,7.18611419325502e-149,1.94019961933557,1.86170095253322,2.02200818436909,-1.09331795390207,-1.16755843736048,-1.01907747044365,1,0,0,5.31389262232139e-144,0.32498056873159,0.246032972231472,-1.09331795390207,"Sens_scaled","PAA","80"
"Sens_scaled_PAA_120","all",1400,0.360363541201254,7.89775146054556e-138,2.0071093653801,1.92465684637789,2.09309415970849,-1.1617852101793,-1.2390267209871,-1.08454369937151,1,0,0,3.77286445561294e-149,0.345027450711628,0.260523879016833,-1.1617852101793,"Sens_scaled","PAA","120"
"Sens_scaled_PAA_160","all",1400,0.403206669505824,6.71174978082684e-159,1.93469410644598,1.85786829770271,2.01469678455956,-1.06999123322712,-1.14191413933966,-0.998068327114591,1,0,0,1.30964150252687e-146,0.317852446756566,0.243961220932973,-1.06999123322712,"Sens_scaled","PAA","160"
"Sens_scaled_PAA_200","all",1398,0.402675367052562,2.09584430466419e-158,1.87862254697473,1.80393837359578,1.95639869169535,-1.0082023861745,-1.07754723476192,-0.938857537587088,1,0,0,2.33989200034781e-141,0.314036348039915,0.242936095497048,-1.0082023861745,"Sens_scaled","PAA","200"
"Sens_scaled_PAA_400","all",1407,0.436422781941649,3.56826470981064e-177,1.974183526295,1.89814466569888,2.05326847100959,-1.0857704241911,-1.15581823319731,-1.01572261518489,1,0,0,1.82763326622495e-156,0.30985262286407,0.234967696194345,-1.0857704241911,"Sens_scaled","PAA","400"
"Sens_scaled_PA_40","all",1148,0.29904474494106,1.63697580858268e-90,1.33532759857635,1.27210284242308,1.40169468698243,-0.507551386993394,-0.567131478646445,-0.447971295340343,1,0,0,2.74004737453786e-56,0.325202322753377,0.274111423049315,-0.507551386993394,"Sens_scaled","PA","40"
"Sens_scaled_PA_80","all",1321,0.315073324909183,1.58157164088088e-110,1.40546498991709,1.34403874910743,1.46969857765965,-0.558414688895991,-0.615512548615393,-0.501316829176589,1,0,0,1.48923955403324e-72,0.311221929537489,0.264018884138214,-0.558414688895991,"Sens_scaled","PA","80"
"Sens_scaled_PA_120","all",1363,0.350853891630333,7.25810243654069e-130,1.40924430623495,1.35016123838421,1.47091284966253,-0.550706521737736,-0.604020755237639,-0.497392288237833,1,0,0,5.34955542051229e-80,0.311375966869588,0.262832383866771,-0.550706521737736,"Sens_scaled","PA","120"
"Sens_scaled_PA_160","all",1371,0.337633152434244,1.29062542761875e-124,1.50088729270232,1.43752076763529,1.56704704106705,-0.618610826399521,-0.676177296759975,-0.561044356039068,1,0,0,1.17394271343448e-85,0.299077883972199,0.261540574619201,-0.618610826399521,"Sens_scaled","PA","160"
"Sens_scaled_PA_200","all",1375,0.357742514104185,3.53202537434385e-134,1.48798691068529,1.42619358600189,1.55245758226808,-0.604462181192069,-0.660243265357758,-0.548681097026381,1,0,0,6.42772034520071e-87,0.294548584921758,0.254375277654183,-0.604462181192069,"Sens_scaled","PA","200"
"Sens_scaled_PA_400","all",1396,0.356390398119981,1.45579582583482e-135,1.5000076083766,1.43811310678149,1.56456596812698,-0.598702177297445,-0.653850064099025,-0.543554290495864,1,0,0,2.33981418468684e-87,0.288710802384664,0.255421041055325,-0.598702177297445,"Sens_scaled","PA","400"
"Sens_scaled_PBG_40","all",1342,0.224812675272291,3.66227991043393e-76,2.12625223350591,2.02829342388099,2.22894207872468,-1.29575928382734,-1.38996474844112,-1.20155381921355,1,0,0,1.97185155241665e-128,0.359249589513087,0.296653416427175,-1.29575928382734,"Sens_scaled","PBG","40"
"Sens_scaled_PBG_80","all",1386,0.335553249637966,5.13145277104238e-125,1.90317284471623,1.82312724046456,1.98673290403049,-1.03604798806304,-1.11090013135841,-0.961195844767674,1,0,0,1.68495466455821e-130,0.321434980064376,0.259375743922789,-1.03604798806304,"Sens_scaled","PBG","80"
"Sens_scaled_PBG_120","all",1400,0.296937175362288,4.37466936881704e-109,1.99335926276333,1.90759649275583,2.08297780245131,-1.1190501650217,-1.19822770341551,-1.03987262662789,1,0,0,3.49157978345149e-135,0.340950142026733,0.277988080296257,-1.1190501650217,"Sens_scaled","PBG","120"
"Sens_scaled_PBG_160","all",1400,0.337665184128403,3.14406027795998e-127,1.97038565751252,1.88804907945639,2.05631287956183,-1.07078011461512,-1.14662356427781,-0.994936664952425,1,0,0,5.94233944156284e-135,0.31418414964325,0.261352298100848,-1.07078011461512,"Sens_scaled","PBG","160"
"Sens_scaled_PBG_200","all",1398,0.343459809606713,1.02161885435815e-129,1.90015032954616,1.82103374359359,1.9827042126904,-0.99493561313715,-1.06711970038342,-0.922751525890883,1,0,0,7.93680146383722e-130,0.309062942801109,0.258559095895664,-0.99493561313715,"Sens_scaled","PBG","200"
"Sens_scaled_PBG_400","all",1407,0.346322225797003,7.09114170874161e-132,2.03511744592157,1.95082800393078,2.12304878254214,-1.10976436789223,-1.18625577997343,-1.03327295581103,1,0,0,4.61905543651322e-141,0.309643282737957,0.258735717736441,-1.10976436789223,"Sens_scaled","PBG","400"
"TSS_scaled_PAA_40","all",1342,0.618544996902943,1.02198132495845e-282,1.15328131551637,1.11574085052582,1.19208487534748,-0.167383940952285,-0.196961173244878,-0.137806708659692,1,0,0,1.85584213066658e-27,0.188616092064532,0.189033608906852,-0.167383940952285,"TSS_scaled","PAA","40"
"TSS_scaled_PAA_80","all",1386,0.683423891259262,0,1.10572421839402,1.07340531654329,1.13901620226768,-0.112153058466237,-0.137132565007891,-0.0871735519245826,1,4.0381475940876e-11,0,3.74804804724957e-18,0.164761265558078,0.16646905152324,-0.112153058466237,"TSS_scaled","PAA","80"
"TSS_scaled_PAA_120","all",1400,0.717550157557633,0,1.06333581595994,1.03409997260512,1.09339820854532,-0.0714051981357622,-0.0932245140548436,-0.0495858822166808,1,1.64700435294485e-05,0,1.86620746255477e-10,0.159781121756561,0.161142259217292,-0.0714051981357622,"TSS_scaled","PAA","120"
"TSS_scaled_PAA_160","all",1400,0.725301094471777,0,1.05524610218577,1.02662795475282,1.08466200537697,-0.0580199054327738,-0.0797964894661273,-0.0362433213994203,1,0.000129567140338072,0,1.98952196337445e-07,0.15339526137714,0.155530386175872,-0.0580199054327738,"TSS_scaled","PAA","160"
"TSS_scaled_PAA_200","all",1398,0.732059647156115,0,1.02848350474704,1.00091217499645,1.05681431993822,-0.0258854134671068,-0.0464663762762238,-0.00530445065798982,1,0.0428007880251832,0,0.0137345713715399,0.150928054060821,0.152708960645163,-0.0258854134671068,"TSS_scaled","PAA","200"
"TSS_scaled_PAA_400","all",1407,0.726116975646116,0,1.03925494797035,1.01118112284981,1.0681081979032,-0.0261353370804585,-0.046843943093247,-0.00542673106766994,1,0.00588243641372643,0,0.0134143315609058,0.152524449270892,0.155100924050182,-0.0261353370804585,"TSS_scaled","PAA","400"
"TSS_scaled_PA_40","all",1148,0.41961742125465,1.47447472439144e-137,1.04306806357086,0.998028525448059,1.09014016884239,-0.188186488883217,-0.22882643187693,-0.147546545889504,1,0.0611483512274726,0,4.4201802687637e-19,0.281765204090581,0.241665017348102,-0.188186488883217,"TSS_scaled","PA","40"
"TSS_scaled_PA_80","all",1321,0.523267455554182,2.01514030270559e-214,1.08217070506852,1.0425624913313,1.12328368289278,-0.193409339420273,-0.227838153755826,-0.158980525084721,1,3.41653449511536e-05,0,4.43395485473638e-27,0.239289956682371,0.209655334136022,-0.193409339420273,"TSS_scaled","PA","80"
"TSS_scaled_PA_120","all",1363,0.612758907010342,1.15465788674329e-282,1.05190912627168,1.01767723729457,1.08729248270821,-0.136504204994191,-0.164463583723449,-0.108544826264933,1,0.00273585234108586,0,4.50840822734961e-21,0.211515529236637,0.191851323375887,-0.136504204994191,"TSS_scaled","PA","120"
"TSS_scaled_PA_160","all",1371,0.666475203193246,0,1.05263296820933,1.02089546138233,1.08535712781097,-0.112073506171593,-0.137897072175371,-0.0862499401678148,1,0.00103550888594683,0,4.36650671305259e-17,0.184297335909111,0.173151011055917,-0.112073506171593,"TSS_scaled","PA","160"
"TSS_scaled_PA_200","all",1375,0.691628641967978,0,1.05644690512087,1.02584484763289,1.08796185496744,-0.112192156153367,-0.136822228978512,-0.0875620833282212,1,0.000255890350501886,0,1.27267469893694e-18,0.175596643424019,0.164642192203843,-0.112192156153367,"TSS_scaled","PA","200"
"TSS_scaled_PA_400","all",1396,0.72067330305875,0,1.05280800497679,1.02397907968864,1.08244857471135,-0.072545918236391,-0.0947501858524883,-0.0503416506202937,1,0.000285877010171687,0,1.99719394918927e-10,0.157092015782433,0.156384012823006,-0.072545918236391,"TSS_scaled","PA","400"
"TSS_scaled_PBG_40","all",1342,0.47883681410997,7.41755274000978e-192,1.28117283208949,1.23256540353439,1.33169714238082,-0.149518616512044,-0.183557158294828,-0.11548007472926,1,0,0,1.90129214136727e-17,0.212637448827609,0.227041478539946,-0.149518616512044,"TSS_scaled","PBG","40"
"TSS_scaled_PBG_80","all",1386,0.544460942591492,1.45471077749454e-238,1.27361925046227,1.22909801956642,1.31975315989876,-0.0886059897198737,-0.117884362097635,-0.0593276173421127,1,0,0,3.67172625110653e-09,0.205735484741455,0.204729688159561,-0.0886059897198737,"TSS_scaled","PBG","80"
"TSS_scaled_PBG_120","all",1400,0.577232690728823,1.23903494002285e-263,1.2312954352431,1.1900083373667,1.27401498060538,-0.0476261521284801,-0.073676803421524,-0.0215755008354362,1,0,0,0.000346909009664274,0.207574199395094,0.201978996393575,-0.0476261521284801,"TSS_scaled","PBG","120"
"TSS_scaled_PBG_160","all",1400,0.571618403502306,1.25908852084689e-259,1.23662486223965,1.19488942846296,1.27981804297689,-0.0309356151805203,-0.0573769651594063,-0.00449426520163437,1,0,0,0.0218756041489097,0.214580153936005,0.199439963881742,-0.0309356151805203,"TSS_scaled","PBG","160"
"TSS_scaled_PBG_200","all",1398,0.583498081256811,8.68658162914587e-268,1.22066037390586,1.18000042843141,1.26272136223262,-0.00299962030533685,-0.0280511048652581,0.0220518642545844,1,0,0,0.81433146280018,0.219153530882013,0.195282518340439,-0.00299962030533685,"TSS_scaled","PBG","200"
"TSS_scaled_PBG_400","all",1407,0.588458831809209,3.700704514513e-273,1.23952537550557,1.19860909095521,1.28183839761952,-0.00305460172760741,-0.0278247872124807,0.0217155837572658,1,0,0,0.80888784033423,0.222951002589588,0.194644320593604,-0.00305460172760741,"TSS_scaled","PBG","400"
"Kappa_scaled_PAA_40","all",1342,0.425349337792864,2.10920284272322e-163,1.04016126793005,0.998763004542092,1.08327547013808,0.150723548739125,0.125905759806197,0.175541337672053,1,0.0573962026835417,0,3.52832520759732e-31,0.292021661676612,0.241261602637552,0.150723548739125,"Kappa_scaled","PAA","40"
"Kappa_scaled_PAA_80","all",1386,0.477517996225001,2.49356822132405e-197,1.04379447625954,1.0047681837824,1.08433659251484,0.163774713791703,0.141000142182219,0.186549285401187,1,0.0274984854541321,0,2.54190268563501e-42,0.28600425446413,0.222273573145712,0.163774713791703,"Kappa_scaled","PAA","80"
"Kappa_scaled_PAA_120","all",1400,0.514646150969951,1.06644525244971e-221,1.05222926636003,1.01447182128901,1.09139199901853,0.167708279820982,0.146664402553123,0.188752157088841,1,0.00634497716651228,0,6.76513876377631e-51,0.287308485775775,0.219067018156763,0.167708279820982,"Kappa_scaled","PAA","120"
"Kappa_scaled_PAA_160","all",1400,0.501898932952213,8.00582972017228e-214,1.01388154970639,0.9770344291989,1.05211829400719,0.188873723407897,0.16750812050883,0.210239326306963,1,0.465279660566407,0,3.61543318680102e-61,0.29179000931718,0.218033687673856,0.188873723407897,"Kappa_scaled","PAA","160"
"Kappa_scaled_PAA_200","all",1398,0.519794715805194,1.28002240919825e-224,1.02698963380404,0.990304414977558,1.06503383403058,0.196337032369793,0.175765472104878,0.216908592634708,1,0.151200728541478,0,5.87281523860989e-70,0.295878544646434,0.212283035778364,0.196337032369793,"Kappa_scaled","PAA","200"
"Kappa_scaled_PAA_400","all",1407,0.51703943279945,2.62376630092372e-224,1.03294332929662,0.996058402221394,1.07119413797308,0.20198916571995,0.181636052872457,0.222342278567443,1,0.0805938150715702,0,6.32410126182328e-75,0.302281636384093,0.213785369364075,0.20198916571995,"Kappa_scaled","PAA","400"
"Kappa_scaled_PA_40","all",1148,0.429169529958705,1.08151384960146e-141,0.93254862388764,0.892606601948794,0.974277956286749,-0.0623061173885989,-0.09747492793278,-0.0271373068444178,1,0.00178292694997051,0,0.000527995522881075,0.274120180434702,0.239136663008626,-0.0623061173885989,"Kappa_scaled","PA","40"
"Kappa_scaled_PA_80","all",1321,0.489563739882752,7.65455141498063e-195,0.96806532835858,0.9314265497258,1.00614533722051,-0.0563880634117696,-0.0870999763560542,-0.025676150467485,1,0.0991538270600846,0,0.000327681654321757,0.236389010715881,0.218446043050499,-0.0563880634117696,"Kappa_scaled","PA","80"
"Kappa_scaled_PA_120","all",1363,0.568157740580983,1.97793638823264e-250,0.962106260034645,0.929073991126343,0.996312957244302,-0.0139973834585926,-0.0396225547956728,0.0116277878784877,1,0.0302386797045033,0,0.284109820930262,0.212398340187991,0.204268438772088,-0.0139973834585926,"Kappa_scaled","PA","120"
"Kappa_scaled_PA_160","all",1371,0.589074063378087,1.17356162820645e-266,0.969643457127038,0.937248089338627,1.00315854963517,0.000859743910607724,-0.0243107270243758,0.0260302148455913,1,0.0753663156822901,0,0.946587165213622,0.199098379525716,0.194834060921413,0.000859743910607724,"Kappa_scaled","PA","160"
"Kappa_scaled_PA_200","all",1375,0.606455704760858,2.53829724269138e-280,0.964037747704465,0.932551833892619,0.99658672603727,0.0137747113733244,-0.0102427020781121,0.037792124824761,1,0.0306539976684713,0,0.260747411851306,0.19281933520615,0.188739789192123,0.0137747113733244,"Kappa_scaled","PA","200"
"Kappa_scaled_PA_400","all",1396,0.634754279332822,3.54886229924353e-307,0.997463890606707,0.966294017356479,1.02963921455929,0.0272723038895831,0.00473865300229737,0.0498059547768689,1,0.875364707443697,0,0.0177222467138048,0.183437087552813,0.181404795342796,0.0272723038895831,"Kappa_scaled","PA","400"
"Kappa_scaled_PBG_40","all",1342,0.247223125153599,1.01667600043652e-84,1.44846538564249,1.38268155590898,1.51737901213644,0.157016573392778,0.128461268449789,0.185571878335767,1,0,0,4.50639918178241e-26,0.407792807895527,0.290072792318684,0.157016573392778,"Kappa_scaled","PBG","40"
"Kappa_scaled_PBG_80","all",1386,0.277657533637267,7.22745907839489e-100,1.64215797859649,1.57021155836693,1.71740095294721,0.163974585311434,0.136825250920554,0.191123919702314,1,0,0,6.49720857184347e-31,0.436988643830484,0.275035720950123,0.163974585311434,"Kappa_scaled","PBG","80"
"Kappa_scaled_PBG_120","all",1400,0.317147663047216,5.91896700144827e-118,1.62426752548102,1.5553740170939,1.69621259281521,0.176918356649796,0.151921475755554,0.201915237544039,1,0,0,3.73720235584656e-41,0.432325492821417,0.272360356906859,0.176918356649796,"Kappa_scaled","PBG","120"
"Kappa_scaled_PBG_160","all",1400,0.295620874084452,1.62081280545222e-108,1.6349742716763,1.56456640440055,1.70855060004158,0.200417171139067,0.175045432189349,0.225788910088784,1,0,0,4.23851457099235e-50,0.454074806599443,0.272763414892294,0.200417171139067,"Kappa_scaled","PBG","160"
"Kappa_scaled_PBG_200","all",1398,0.299789148038973,3.63092623899432e-110,1.67517980172012,1.60319907352976,1.75039233394303,0.207586692987678,0.182747636745208,0.232425749230147,1,0,0,2.23273392735356e-55,0.460921253306977,0.270323051718433,0.207586692987678,"Kappa_scaled","PBG","200"
"Kappa_scaled_PBG_400","all",1407,0.318931480998533,2.46638422643265e-119,1.74486166583439,1.67112833909028,1.82184824569234,0.204957973883275,0.180536269923323,0.229379677843226,1,0,0,8.05658248592217e-56,0.466922299463923,0.26609778320725,0.204957973883275,"Kappa_scaled","PBG","400"
"PCC_scaled_PAA_40","all",1342,0.460084502763218,1.4614715329e-181,0.964274177966137,0.927050534194152,1.00299245402035,0.0614521894030802,0.0343787552988723,0.0885256235072881,1,0.0700906034825054,0,9.17964208775075e-06,0.239697703404834,0.232030303492548,0.0614521894030802,"PCC_scaled","PAA","40"
"PCC_scaled_PAA_80","all",1386,0.469158174490905,1.48303987178556e-192,0.980064028232767,0.943134268161879,1.01843982544273,0.0470300012301202,0.0201197504362418,0.0739402520239987,1,0.303990810338117,0,0.00062508845260525,0.229361761090336,0.224448292041783,0.0470300012301202,"PCC_scaled","PAA","80"
"PCC_scaled_PAA_120","all",1400,0.513346126944096,6.92657836085705e-221,0.954632573138277,0.920332226049272,0.990211277951945,0.0698095894363508,0.0456552103791231,0.0939639684935786,1,0.0129131070153234,0,1.73754503790894e-08,0.228928034145497,0.219418134218058,0.0698095894363508,"PCC_scaled","PAA","120"
"PCC_scaled_PAA_160","all",1400,0.513006259770603,1.12874366739246e-220,0.947497876457818,0.913442217744166,0.982823224559471,0.0782311392972008,0.0535998582791116,0.10286242031529,1,0.00390039490348615,0,6.14371289212761e-10,0.226086654056493,0.215098748069483,0.0782311392972008,"PCC_scaled","PAA","160"
"PCC_scaled_PAA_200","all",1398,0.498745694982538,1.32048360216944e-211,0.935340687544768,0.901218556524585,0.970754758036158,0.0932566248733459,0.0689067067321096,0.117606543014582,1,0.000428702762011568,0,1.02810743446741e-13,0.232272039610793,0.217821046679463,0.0932566248733459,"PCC_scaled","PAA","200"
"PCC_scaled_PAA_400","all",1407,0.490936487353722,3.08674921577763e-208,0.942749950971645,0.908204986411599,0.978608886049701,0.0948484246277197,0.0704817495142354,0.119215099741204,1,0.00198043125573122,0,4.12464660641091e-14,0.235683476031814,0.220669906124783,0.0948484246277197,"PCC_scaled","PAA","400"
"PCC_scaled_PA_40","all",1148,0.405448564062105,1.50756785035845e-131,0.931915082713445,0.891198027793191,0.97449241841269,-0.072038622642894,-0.108361778580091,-0.035715466705697,1,0.00199339335964499,0,0.000105474662771131,0.284817550787942,0.245419922078175,-0.072038622642894,"PCC_scaled","PA","40"
"PCC_scaled_PA_80","all",1321,0.456845091624359,4.93908653011572e-177,0.990311314335234,0.951671967538879,1.0305194780893,-0.101127383776181,-0.134491217490002,-0.0677635500623594,1,0.631461382160962,0,3.50930801925918e-09,0.252659435706172,0.226931853954189,-0.101127383776181,"PCC_scaled","PA","80"
"PCC_scaled_PA_120","all",1363,0.5216954085805,3.2724818265672e-220,0.990758442695961,0.954992620527807,1.02786374540864,-0.073802939560254,-0.102819621937577,-0.0447862571829306,1,0.62048891975228,0,6.83360495261077e-07,0.232368625171803,0.216932119698625,-0.073802939560254,"PCC_scaled","PA","120"
"PCC_scaled_PA_160","all",1371,0.540236920790798,2.96267648855608e-233,0.997510559497052,0.962294546591463,1.03401533328086,-0.0606849304316532,-0.0893801371961226,-0.0319897236671838,1,0.891831595970384,0,3.55085702216485e-05,0.21745151723755,0.208008237704804,-0.0606849304316532,"PCC_scaled","PA","160"
"PCC_scaled_PA_200","all",1375,0.557156593986238,4.07883924586726e-245,0.996051421769435,0.961577818721713,1.03176094070868,-0.0553128278169726,-0.0830595510240388,-0.0275661046099063,1,0.825671694290843,0,9.65575766044553e-05,0.210657692387321,0.202057061008429,-0.0553128278169726,"PCC_scaled","PA","200"
"PCC_scaled_PA_400","all",1396,0.580063943836997,6.40374589410586e-265,1.04196650758345,1.00709389490432,1.07804665326542,-0.0642867523164909,-0.0913440682066299,-0.037229436426352,1,0.0179607010956835,0,3.45086315804639e-06,0.195882783048219,0.196440624874201,-0.0642867523164909,"PCC_scaled","PA","400"
"PCC_scaled_PBG_40","all",1342,0.245342245356732,5.43196373416528e-84,1.09376152488938,1.04402646168556,1.14586585420156,0.130370702036448,0.100726308095255,0.16001509597764,1,0.000162676465493838,0,1.74757070396621e-17,0.330300012354113,0.29061892889333,0.130370702036448,"PCC_scaled","PBG","40"
"PCC_scaled_PBG_80","all",1386,0.215945212864494,3.55392044173546e-75,1.15065068809579,1.09817920643968,1.20562928004049,0.145163652224487,0.115965487575282,0.174361816873692,1,4.17357692850118e-09,0,8.85168565519592e-22,0.349064159118164,0.292567721022137,0.145163652224487,"PCC_scaled","PBG","80"
"PCC_scaled_PBG_120","all",1400,0.261893229271822,2.71950572229059e-94,1.13109948157447,1.0812642618699,1.18323159502701,0.159749927667736,0.132982204749176,0.186517650586295,1,8.96942597972128e-08,0,2.8756236946437e-30,0.348343552047451,0.287939273321946,0.159749927667736,"PCC_scaled","PBG","120"
"PCC_scaled_PBG_160","all",1400,0.244290655352123,4.01976745745708e-87,1.14202773056843,1.0911284674967,1.19530135656664,0.178023661292671,0.150760545207203,0.205286777378139,1,1.23635536253275e-08,0,1.33952690831112e-35,0.362021830569913,0.287164286191446,0.178023661292671,"PCC_scaled","PBG","160"
"PCC_scaled_PBG_200","all",1398,0.225005629882835,2.41349069797801e-79,1.14160236201845,1.09005608217173,1.19558614853066,0.189984376728567,0.162975170040582,0.216993583416552,1,2.08933672585232e-08,0,1.07137513142193e-40,0.371438348921938,0.291365106592316,0.189984376728567,"PCC_scaled","PBG","200"
"PCC_scaled_PBG_400","all",1407,0.238424437450617,3.48137883935693e-85,1.1785905730687,1.12599167544841,1.23364654394379,0.186548272077102,0.159819231561869,0.213277312592335,1,2.12285744538576e-12,0,3.83527196115356e-40,0.374106818836205,0.288522768973427,0.186548272077102,"PCC_scaled","PBG","400"
